"","group","ADH1C","ANGPTL1","COL10A1","COL11A1","COL6A6","F12","FGF2","GJB2","HPGDS","MME","NR4A1","RPS24","SOX9","WNT11"
"GSM1045191","Normal",6.9056435555773,4.89221071391978,2.43818470720841,3.86563301758754,2.96456323218702,3.36930383611876,5.98474986682375,2.76649464713447,4.96432959851352,6.78601026585223,5.03270165054606,4.5787661941281,4.11325742715863,5.53130047353748
"GSM1045193","Normal",2.0385602785542,2.11032353790184,2.95569129072293,1.71658786148834,2.07528234312603,2.73486960114482,4.29180504094587,2.34246190427898,3.24159620580409,4.07109828398629,4.18799597456256,2.76400299093888,1.92986398275975,2.95594382147082
"GSM1045195","Normal",6.46318792742546,5.05321617466504,2.95569129072293,1.66874485919877,5.92243725796705,2.76052433336929,5.24738129888252,2.85215288655328,5.80576439442383,6.71918096553426,6.54287945333481,2.86978322211154,3.50704559429615,5.62745471709969
"GSM1045196","Normal",7.39771448301091,4.94001754578016,2.7888648066635,1.71658786148834,6.60254977696243,2.689719796269,5.79902314498251,2.01449485860391,5.10276517329853,7.65095766612056,5.54051554579615,3.02065789057979,1.85407885525936,5.64870643653658
"GSM1045197","Normal",6.72254147627115,5.12245084154748,2.63899162152548,1.71658786148834,5.28958087518294,3.1613491686234,6.33375852782276,2.34246190427898,6.21036451095985,7.41862968443816,6.79506149523032,2.99299234233565,3.9000614211924,5.66144546437179
"GSM1045199","Normal",7.6418814555708,6.77189878131203,2.79148695566264,2.08970485780979,7.12078567174522,2.21284460427604,6.04605462642364,2.36374596838753,4.58404448194993,7.81860955423193,6.34524606770854,2.73914513122195,2.54336639129134,5.65322801823984
"GSM1045200","Normal",6.73673138385898,2.3144576121843,2.96264557708841,1.71658786148834,7.91717431040568,4.15909632516213,3.48737195092687,1.87962559829146,5.96303225627956,6.21827398488733,5.2357606347946,3.79250973822535,3.92388896282937,5.24634230583426
"GSM1045201","Normal",5.34437998286179,3.86228144642046,2.42716514817453,3.16728508166066,7.23186349116507,3.75819566435433,3.02510638521001,3.52150485712619,4.91597025115291,6.19510715416566,6.57303887948349,3.36723273596715,5.76507671348571,4.61308730584711
"GSM1045204","Normal",7.05095780872582,5.76771292583578,2.42716514817453,2.58156007298228,5.54976308339303,2.79952697231311,5.61585775299985,2.70684677957767,6.1456055277321,7.5318799030617,4.84947706833786,3.48010155014758,1.85407885525936,5.58640530164349
"GSM1045205","Normal",7.15864280556297,5.22203420699172,2.74743275500668,1.72799479486786,6.21752445561072,2.21284460427604,5.6463021627012,2.38903890188795,2.8602359228751,7.37198156345626,5.36737921644546,3.9111361620588,3.10465722405359,5.40977685333619
"GSM1045206","Normal",6.67805307433069,4.68594108084258,2.58296125008063,1.66874485919877,2.07528234312603,2.67280410326496,5.17044885063364,2.01449485860391,3.79008391780675,7.70293012326333,5.43843303858946,2.87145881529003,2.01160377752495,5.33474332934522
"GSM1045207","Normal",7.07905177222233,5.54939352985231,2.68146002966824,2.08250382644551,6.83459593155792,2.21284460427604,6.0288599419677,2.15266728263846,5.55329035263484,7.42143833107557,5.75287450157787,3.0203313221725,1.85407885525936,6.28692871386813
"GSM1045208","Tumor",2.0385602785542,2.06153507604552,5.33954436485771,6.62261129992644,2.07528234312603,5.77919252564084,2.48770091741137,4.18144917342496,2.49909406796156,2.54376708776955,3.52861282850899,6.43939383905744,6.74695550869443,2.38071734609611
"GSM1045210","Tumor",2.0385602785542,2.06153507604552,5.24734143032956,6.71673960018353,2.07528234312603,6.4759201723713,2.81243595937793,4.63463084037549,2.63633515698491,2.30804952726939,3.53733787669591,5.99804318310311,6.32941904176647,3.22958099904553
"GSM1045211","Tumor",2.0385602785542,2.06153507604552,8.09578002086353,9.32348822801136,2.07528234312603,6.47912610502718,3.26282104208584,6.13142057722839,2.97969120365998,3.66165441280948,3.67083388461191,5.89275217268412,5.28837692451438,3.79103467401316
"GSM1045212","Tumor",2.0385602785542,2.06153507604552,7.32932130644614,8.0064318029122,2.07528234312603,4.30456414848391,2.53924409012916,5.58802475891116,2.27960640284753,2.79651040915141,4.65027957961748,5.12045993658954,6.64359048543668,3.82408869800806
"GSM1045214","Tumor",2.0385602785542,2.08328686628787,2.42716514817453,1.75169141623318,2.07753243695039,2.83233340293704,2.82052585220512,2.01449485860391,2.09538964620849,3.86200893827222,3.38146356393414,6.16973899152041,5.02745081004342,1.80748671920862
"GSM1045215","Tumor",2.02076580211955,2.06153507604552,8.32146790652768,8.41988094823143,4.94270675485218,4.41895013221917,2.47778460917695,6.89731889508506,3.91814294770979,5.76580767946748,5.11133231322938,6.18902472487551,4.70752783331191,2.3095154376192
"GSM1045216","Tumor",2.40706496688305,2.06153507604552,3.73565868647424,4.23944581222325,2.45678885719776,5.69741927695816,2.65665018713195,4.63463084037549,3.75008899931054,3.97020561137146,4.69587320181365,6.21277121399762,6.70321705581205,2.38208102124783
"GSM1045217","Tumor",2.0385602785542,2.35866562139848,4.59237623289743,8.0313543339371,2.07528234312603,4.48637126013995,2.47778460917695,4.63463084037549,2.81429451492937,3.59494683567391,5.0979145238664,4.28036754647102,7.65221317343476,2.90125651618439
"GSM1045218","Tumor",2.00705192836829,2.06153507604552,3.47820088539662,2.57703278117941,2.07528234312603,8.00020199896435,5.65425986150508,4.27593728341787,2.99021946298433,2.57935651689171,3.43063413485423,7.02768358126953,6.5584627339775,2.50962216703895
"GSM1045219","Tumor",1.996380701968,2.06153507604552,3.15858611685725,3.16306013793098,2.07528234312603,6.9739180412658,4.6246219757714,4.1936846483723,2.48011940097872,2.80780985564966,3.71058459791505,7.07943082201372,6.30702484609382,2.26746201724559
"GSM1045220","Tumor",2.0385602785542,2.06153507604552,4.78057476135663,5.41772707625544,2.18841106014326,5.62040291964244,2.47088149089838,4.88129239243782,2.29130910602631,3.70861084588636,3.38146356393414,6.0740204935828,6.38348172255497,2.03138668406866
"GSM1045221","Tumor",2.0385602785542,2.16962393425907,5.5463904384126,8.16194761407557,2.07528234312603,5.72315071906668,2.47778460917695,4.17949399987735,3.08452848597024,2.78402197454562,5.18966973993642,6.31412629021256,6.7984756319487,3.51932450514477
"GSM1045222","Tumor",2.0385602785542,2.06153507604552,5.01732294885134,6.55793555762032,2.07528234312603,5.99392165039364,2.47778460917695,4.92572334482638,2.81429451492937,4.38298028361202,3.60006631119816,4.83701904145632,6.94229762397662,2.44848614846656
"GSM1045224","Tumor",2.00705192836829,2.06153507604552,5.07083809415701,6.22938853282795,2.07528234312603,5.71380162471346,2.47778460917695,4.45606334256425,3.61996362015771,2.03847895465647,3.38146356393414,4.03882237071564,5.32094962342547,2.31378719715163
"GSM1045225","Tumor",2.0385602785542,2.06153507604552,5.15151458675221,7.41989069926653,2.07528234312603,5.0563247334625,3.24548618074146,4.63463084037549,3.00551201380118,3.52011013781802,4.09196988067368,6.1507196323777,6.33481015851708,5.9580076278213
"GSM1045230","Tumor",2.00705192836829,2.06153507604552,5.88463785092697,5.78157601049778,2.07528234312603,5.41391625456601,2.47778460917695,4.3848331563621,2.82340980821604,2.63098666062146,3.41882773019134,6.70779950269247,3.2210599725266,1.80748671920862
"GSM1045231","Tumor",2.0385602785542,2.06153507604552,5.19896626277219,6.63022366191409,2.07619518480434,4.7424942407518,2.47778460917695,4.3720640585393,2.36371547286401,3.20141701269377,5.20582458126295,6.10505289313354,5.76208140546213,1.92001009142968
"GSM1045232","Tumor",2.0385602785542,2.06153507604552,6.43488602317118,8.11619153227706,2.07528234312603,6.5530070665822,2.47778460917695,4.41604742530663,3.48699098928248,2.3955701514106,2.81018441522772,6.93783239461967,4.65486411230155,2.06599360856186
"GSM1045233","Tumor",2.0385602785542,2.06153507604552,7.23388182419148,7.78253759191138,2.07528234312603,4.34619503457669,2.50339165829521,6.70052547834468,2.81429451492937,2.3955701514106,4.74379744247426,5.84767486107016,5.97006719466329,3.26080007945595
"GSM1045234","Tumor",2.00705192836829,2.0600434077824,7.75849296895421,9.27636344394588,2.07528234312603,4.55513181610498,2.37745526914554,7.64303213913841,2.97969120365998,4.57291079389381,3.7466789585863,8.90871948018345,6.01026009704986,2.27466109301759
"GSM1045236","Tumor",2.24205221117308,2.09427064312472,7.35703882909207,5.25832530553878,2.13030308028632,3.83029428694461,2.56007817947747,4.66171600303727,4.89166367682011,3.22555066953564,6.41515951751815,5.82345690996982,5.67587693371368,4.94698436615488
"GSM1045237","Tumor",2.0385602785542,2.12513402340727,5.66060597531689,5.09082864883056,2.63140417170026,5.42253558168883,2.57995499117428,3.36279687080627,2.70425862040983,2.40107412788228,5.69122201029968,4.78193899385927,5.28837692451438,2.36003256373411
"GSM1045238","Tumor",2.0385602785542,2.07268553638551,7.01315900136683,6.27788456499886,2.07528234312603,3.94433378641571,2.47778460917695,4.63463084037549,4.90133625074451,2.3955701514106,4.49080434389361,4.22341436477033,1.85407885525936,2.23203585805976
"GSM1045239","Tumor",2.0385602785542,2.08467876401257,6.31006087180037,5.32664903514853,2.68098941385036,5.10438702757805,2.67808848487674,4.8225445366874,3.74544378407157,2.38255285660196,4.35092514955726,6.04980987911624,5.24123330823921,2.02431988300467
"GSM1045240","Tumor",2.62397501032853,2.06153507604552,6.77398693876467,5.30066843960967,3.39326464039074,4.82068737119594,2.51862906223036,5.46277409772305,3.3907578638093,2.78402197454562,4.27762348195876,5.7873327868366,5.37259449710142,2.52724216010019
"GSM1045241","Tumor",2.0385602785542,2.14643464683022,4.63577516797738,2.34934877058069,2.09968474135315,5.09038413893892,2.53879596021483,3.18133805327026,4.38411782001176,2.66847238158318,3.87658294783173,6.25979622299587,1.98630606130485,2.16720706744738
"GSM1045242","Tumor",2.59466742712828,2.12136687004671,6.17531398148964,7.61669036079472,2.07329406646209,6.34945556820963,2.47778460917695,5.72668526043955,2.56370247472102,2.3955701514106,4.17533271096865,5.35014584283469,6.01909261128339,2.42920633795702
"GSM1045243","Tumor",2.45558046825629,2.37416655260264,3.22889381373567,6.5838750982078,2.78786366858102,6.39170038333013,2.47044494661414,4.25894270303769,2.7303772307645,3.59499527518374,4.26330154295758,3.89324220296824,6.40302508479478,3.56467698715575
"GSM1045244","Tumor",2.20922106803623,2.06153507604552,5.75428836750453,7.7611201423425,2.22125142211265,3.63409117293237,3.21155075508266,5.40846837415303,2.53494351386811,2.30804952726939,3.97623828764381,6.48784190111033,3.90303891644425,2.99107223414075
"GSM1045245","Tumor",4.30360683638443,2.06153507604552,8.02884286022686,9.71316541250496,2.11452796540937,4.44650079943762,2.47778460917695,7.62333923104231,4.12681556913994,4.01583833126979,3.3868837903612,5.89837577666045,3.92841743249197,2.1697698658091
"GSM1045247","Tumor",2.0385602785542,2.06153507604552,4.60803584526812,5.30714314822193,2.07528234312603,5.67273198812195,2.53879596021483,2.73932220020564,3.20479780362622,2.10189170520808,4.01356484026069,3.4036053690217,5.40262278562679,2.26400690005566
"GSM1045250","Tumor",2.0385602785542,2.06153507604552,3.39818330385084,3.8304287683192,2.07528234312603,7.44146111111897,2.99282096945922,9.22288573387506,2.26210253182747,2.14482048488661,3.6399544254473,4.01548842545654,7.36947472380426,2.78588765485453
"GSM1045251","Tumor",2.23799027913552,3.67923793068187,6.4562028743757,6.5838750982078,2.07528234312603,4.69354462506336,2.47778460917695,5.28079789747822,2.97969120365998,3.01750823767724,5.23120558994012,5.82032460260149,6.88795919485207,2.54653388961783
"GSM1045252","Tumor",2.0385602785542,2.32971027578202,5.3490744668176,8.36172314502363,3.95132227121793,3.01599575884149,2.53879596021483,7.55349736282844,5.83889224708234,6.960796766484,5.66544068909985,5.08099024168502,3.61890538177936,2.15045949321522
"GSM1045253","Tumor",1.996380701968,2.06153507604552,5.5608252387043,5.5980873529525,2.07329406646209,3.91895786243493,2.47778460917695,4.15934422275049,2.50059679418744,2.33545577649109,3.39984554629304,4.28215768016516,6.24762347097625,3.83793800602297
"GSM1045255","Tumor",2.0385602785542,2.06153507604552,6.83094544707906,8.60494862488326,2.07528234312603,5.33083012177373,2.57304110564825,5.42238427880028,2.80151919921079,2.03847895465647,4.04291607246805,5.26300821570075,3.95864754412432,3.19468098624558
"GSM1045256","Tumor",3.76021112019535,2.59952707143434,7.95749638206031,9.26513196512393,2.06787829367633,5.51533598365159,2.25970604234584,6.40555926494594,3.59784694962021,3.10195533577029,3.27858640124757,4.87692639047118,4.86738787207984,3.38076144775504
"GSM1045257","Tumor",2.0385602785542,2.06153507604552,4.50912090362923,6.5838750982078,2.07528234312603,5.18392744109784,2.47044494661414,2.95274360705036,2.81429451492937,2.33321856789672,4.51404076694672,3.65335609812723,3.62822097076297,2.18441023142855
"GSM1045258","Tumor",2.25970859556921,2.06153507604552,6.48420559246326,6.54346953813969,2.17201849940925,5.84565988429653,2.47778460917695,6.50877752177541,2.74525452606583,2.78402197454562,5.28460508458964,5.75313228044209,6.25224766057996,2.16720706744738
"GSM1045259","Tumor",2.5824274917717,2.06153507604552,5.46043337006577,6.64443236407908,2.07528234312603,5.33374837483456,3.16045286547062,5.48215790324747,2.81429451492937,2.27999441591362,6.3256611777837,5.45935309312994,6.95101860265189,2.26400690005566
"GSM1045260","Tumor",2.0385602785542,2.06153507604552,5.16399960294208,6.6341856031733,2.07528234312603,5.60434618364502,2.53879596021483,3.81910986145851,4.39201420823353,2.3955701514106,5.32036468295197,5.694726624961,6.61159384193208,2.1512101961712
"GSM1045261","Tumor",2.0385602785542,2.06153507604552,4.60593729806337,5.51246009249661,2.06787829367633,5.11995990287979,2.55434544329524,2.76682721923269,3.04065718275423,2.03847895465647,6.44592103743025,6.51307816791036,7.20959331004009,3.54223195297736
"GSM1045262","Tumor",2.0385602785542,2.06153507604552,4.3566451465444,5.87538777789801,2.07329406646209,7.59412041285751,2.28520959556305,2.38627224947096,2.70824671349708,2.36095034915849,6.15072225644177,3.38775627402284,4.71806332999209,2.04457648131519
"GSM1045263","Tumor",2.02647702942836,2.11573181654644,7.42625463225187,8.43848863028797,2.07528234312603,6.23977146092378,2.47044494661414,6.28360196620792,2.97969120365998,3.07339180778599,3.70597786150535,6.3205149731967,6.63750446196764,2.17375842175626
"GSM1045264","Tumor",2.0385602785542,2.0600434077824,5.50897031543004,8.03063565531301,2.07528234312603,7.75795375993329,2.53879596021483,5.98306271756752,2.87843218910891,2.3955701514106,4.19401724728665,4.58611741955714,7.34149415859922,3.49138425102249
"GSM1045266","Tumor",2.0385602785542,2.06153507604552,2.7888648066635,1.7180894763604,2.07528234312603,2.95946729916656,2.47044494661414,2.01449485860391,2.24415886855236,4.05554259879606,3.5485724697985,6.56296282116804,4.70884199483034,2.03138668406866
"GSM1045267","Tumor",2.04065985371442,2.34846528930802,4.00043495406495,3.53443643787252,2.07528234312603,4.34131932451677,3.2136358880085,2.34246190427898,2.97969120365998,3.31286477657416,3.69291553804603,6.0840771109584,6.96722279088337,4.39588232070883
"GSM1045268","Tumor",2.0385602785542,2.06153507604552,8.50480671210442,8.86131784713924,2.07528234312603,5.73127987144106,2.47778460917695,6.63093315686282,4.07953535451375,3.30948523701165,6.86974303098495,6.28910230932287,2.88036127291554,2.21556501763054
"GSM1045270","Tumor",2.0385602785542,2.06153507604552,2.84658373360599,3.26862462721899,2.07528234312603,8.39477037181862,2.28749907615398,7.84625269379862,2.49909406796156,2.3955701514106,4.25597846231599,6.01038173264041,6.18780678171025,3.13322727507952
"GSM1045271","Tumor",2.0385602785542,2.06153507604552,5.96410571608807,6.08807108012098,2.08622354322599,7.14662935817113,2.34240306844631,5.99284893841181,2.79556500941472,3.2167225589577,5.21959565637646,6.99311980846073,4.9055133302754,2.45938645682876
"GSM1045273","Tumor",2.0385602785542,2.06153507604552,6.16472707266572,6.5838750982078,2.07528234312603,2.86954009726258,2.53879596021483,4.87498203623056,2.49909406796156,2.3955701514106,5.15982332255336,5.66667018499123,3.93608322254611,4.81309556948066
"GSM1045275","Tumor",2.58470736724906,2.06153507604552,5.66987332779565,6.94733118312613,2.07329406646209,6.87200864971643,2.47778460917695,5.57251885992052,2.39584348460699,2.23018924607917,3.50168795948037,7.21415617383446,6.56243531850529,2.03206998848121
"GSM1045276","Tumor",1.996380701968,2.09554613848986,7.88106814290034,8.79494291223261,2.06787829367633,3.91009281851245,2.47471408198226,5.89004259849471,2.81429451492937,2.78402197454562,4.39321399384484,4.67702493226437,3.17619516651802,2.36268354637225
"GSM1045277","Tumor",4.09917287924142,2.42125147949367,7.40378025309404,6.94982898871882,2.07528234312603,5.15565277047009,2.47778460917695,5.46115532928441,2.81429451492937,3.49337585299355,4.59982749647504,8.61783621225085,5.39979080477241,2.06439852477566
"GSM1045278","Tumor",3.27520242776742,2.24144818962403,6.54696317151824,6.85385633347497,3.2567609508615,5.21324734483786,2.53879596021483,5.74582824749295,2.89733408612151,2.3955701514106,4.26047482588705,8.40596194476798,3.91490906155673,3.62824778397624
"GSM1045280","Tumor",2.65675386339088,2.55716810905482,4.97817440668931,1.7639892409832,6.0212259656344,3.48322101999729,2.53879596021483,2.28828894075692,3.37762095020427,5.25815548716535,3.38146356393414,5.51881126044317,5.49916987608998,2.43550763372872
"GSM1045281","Tumor",2.00705192836829,2.06153507604552,4.68836942435565,3.81669809113255,3.16729774056413,5.55369805641538,2.53879596021483,3.39668057074164,2.27960640284753,2.49900611386092,4.13209390817791,7.15134035733181,5.14439185846607,2.16720706744738
"GSM1045284","Tumor",3.29025332324421,2.06153507604552,4.04032743744757,5.36448284293565,2.07528234312603,5.02905121471844,2.47778460917695,3.6833012226786,2.3905295309487,2.30804952726939,3.84031911686497,5.30927032277545,5.28782924074184,2.0302548663915
"GSM1045285","Tumor",3.19227434351329,2.62749377939869,3.55643287883354,5.46318881862649,4.29605638225411,6.76805611929048,3.84173282155969,3.68996244851468,3.41971334104569,3.35662067195061,3.98786050866643,6.15175392462787,5.59454506148105,3.03602786557515
"GSM1045288","Tumor",2.0385602785542,2.11106596717391,6.59810405753588,7.63946760880854,3.09670805278701,3.85074570183343,3.72677232980831,7.02733397704627,2.97969120365998,2.30804952726939,5.18431413043555,5.09416668590813,4.48163114381655,2.42920633795702
"GSM1045290","Tumor",2.15673699877652,2.06153507604552,5.54124592780591,8.56746387303927,2.09685518344553,3.37178309010103,2.47778460917695,4.89639046687237,4.18994664816378,5.75160847069539,5.81188173237275,5.98344967795918,4.81228740727039,4.0155957769002
"GSM1045292","Tumor",2.0385602785542,2.08750541668662,4.46565512356752,5.93257016872515,2.06787829367633,5.32297214039448,2.5680530078766,3.98060751731732,2.97969120365998,2.3955701514106,4.423657366118,6.07020073703537,5.19914101207664,3.80574899840903
"GSM1045293","Tumor",2.11771931198211,2.06153507604552,5.5617812657611,7.4343468065086,2.07528234312603,6.54228668766846,3.94006094495407,7.18852350805771,2.27960640284753,2.03847895465647,6.51728913175309,5.17898009713962,6.87977133440912,2.56305480558193
"GSM1045294","Tumor",2.0385602785542,2.06153507604552,4.1862984807174,6.10215704146271,2.09228046223413,3.16731547332333,2.47778460917695,2.34246190427898,2.24415886855236,2.03847895465647,3.65799148192944,6.53445662823694,7.96618017015575,2.10728248702807
"GSM1045299","Tumor",2.0385602785542,2.14898734848542,7.40164918029403,8.65763884325308,2.06787829367633,5.29843398991353,2.51745501237734,7.37999914520416,2.87844895189746,2.64128022742936,4.89571291897254,6.26260222492165,4.77857137117332,2.34200480713849
"GSM1045301","Tumor",3.1233521572691,2.06153507604552,6.38006010522569,8.89413207649037,2.07528234312603,3.89083018615628,2.84460582924881,4.96962513624239,2.97969120365998,2.85933208750317,6.01044122968092,5.23796764247796,5.32536566944745,3.72263615242142
"GSM1045302","Tumor",2.0385602785542,2.06153507604552,3.38417006683249,7.18090173099671,2.07528234312603,3.37178309010103,2.79733210659592,4.66085266169287,3.37444579653781,2.30804952726939,4.01587144229043,4.28036754647102,5.28837692451438,3.2166078627089
"GSM1045304","Tumor",2.00705192836829,2.06153507604552,6.39551514600052,4.5607846706911,2.16791713756865,3.37178309010103,2.5423049814455,5.40223345186265,3.05757613343278,3.15099480157157,6.41165780600345,6.21350567863407,4.1189049605806,2.26400690005566
"GSM1045305","Tumor",2.24664464394947,2.06153507604552,5.43662308782334,6.70468086603364,2.07528234312603,5.59371698397586,2.47778460917695,4.82481972603296,2.62205107534215,2.30804952726939,5.14126926943544,4.40541706539836,3.10788212404356,3.10562934941022
"GSM1045307","Tumor",2.0385602785542,2.06153507604552,6.57772847782177,5.35233551856693,4.22382351357279,5.00935792832654,2.53879596021483,4.85496331061985,2.51729092551186,4.5979449219626,4.34828004627665,6.649114863881,5.72160004534914,6.16203769143384
"GSM1045308","Tumor",2.16668045729851,2.06153507604552,6.84985117985204,8.39340157499795,2.76335797867154,5.29588947202083,2.62344820163852,5.82587594019948,2.27960640284753,2.97471302758488,3.20770262360262,6.66040588884844,6.29802949284779,3.38756608098603
"GSM1045309","Tumor",2.0385602785542,2.09344553557295,7.77535630043669,9.51207796471263,2.54577033776718,5.8914698219865,2.47778460917695,6.65257362385697,2.82622314731783,2.78402197454562,4.61656915642746,7.36354221870201,4.19079892182257,2.91261531724989
"GSM1045311","Tumor",2.46331354343965,2.06153507604552,7.72223147137125,8.39395040156221,2.07528234312603,5.44756963939179,2.47044494661414,6.94990748203566,3.81525237023575,2.33789647595767,5.53068930845995,5.88454179034513,6.13545606726564,2.26400690005566
"GSM1501818","Tumor",2.99199635983186,2.93802669927601,6.11268690311539,6.95364632848793,2.81992072516368,4.16247945741256,3.00502327923712,5.30234273657556,3.85069336312135,2.91529950499723,5.19289328995077,5.88389182692311,4.93100445444555,2.4167858818056
"GSM1501819","Tumor",3.28010861475667,3.23293155551211,5.92009561979373,6.73472998093444,2.59859064482025,4.97714322029683,3.56405152395945,5.12008841640758,3.95276955079876,3.69265807051708,5.41412174260545,5.27294356230636,4.77963555549499,3.4879731529859
"GSM1501820","Normal",4.44148279627984,3.85296988758412,2.16701973012266,2.24687723963473,4.80789821982658,4.18936381895794,3.57203111403728,1.5095702349493,3.51662802309834,4.94556379550015,4.92774863932886,4.64322079342882,5.45030695858583,4.29732744897205
"GSM1501821","Tumor",2.94305782782795,-0.0867547820739665,4.23022955149744,5.02907623136498,3.08462214174125,5.14334034220995,2.87339717534528,3.26002513645089,2.99014989699757,2.86513764744986,3.31711838001566,5.90367982007845,5.08902085336977,2.10699407364796
"GSM1501822","Tumor",1.2378551060876,1.76367069687046,5.56405251797522,6.04673486512006,-2.99320413425692,4.49076576687955,4.07530420099313,5.1388938371709,2.8274486071226,2.82614077609926,4.62743350532535,6.1739604482459,6.06118087429511,3.82253675631529
"GSM1501823","Tumor",2.31468431012966,2.56061143713626,6.41881360137475,7.0699421875284,2.37962575658488,4.96805548198003,3.64861013748007,5.65640265846481,3.8615709388544,3.95528132266737,4.32576469014407,4.88841297233711,4.60194261169957,2.84595989043394
"GSM1501824","Tumor",0.130731261088704,2.57742955257307,5.6205220014438,6.60768324962112,2.68636420206073,5.7391462397488,2.59535534382582,4.87114908961909,2.77653735047487,3.45700309164245,3.60303486862798,5.83356263205244,5.15818728330699,4.1815207644111
"GSM1501825","Tumor",0.171689268821871,2.08974750853774,4.23616959366414,4.86435155770118,2.6651459447122,5.03014411016736,3.0960174426466,4.53338179241308,2.68361320970009,4.98963573578575,3.74565615501775,5.77622379951126,5.37825879977197,2.3828282638988
"GSM1501826","Tumor",1.86136681032747,2.692432437049,4.78292770772471,5.2221206587221,1.35940782432285,5.19165209114558,1.15042902342143,4.24296527838312,2.74665700587698,1.92558251171186,3.95106870480679,5.17538563587741,5.232907438835,3.88991719390117
"GSM1501830","Tumor",3.10863022326074,2.45889660474092,5.46205989289475,6.1686685512689,2.7735936338262,5.29345823490731,3.70507399329104,4.38914308426853,3.84133956037763,2.66128808860431,5.05438326303622,5.33032299000795,5.22457928904257,2.44177695235625
"GSM1501831","Tumor",2.9802277305853,0.648401725635644,5.80914297804877,6.8124160514761,3.15294578908799,4.64586210182192,3.70290178208323,5.72038703119304,2.63608558413446,3.52318807981142,4.14912532096885,4.91344534048464,5.27867696367175,2.82299144470935
"GSM1501832","Tumor",4.30296477753234,3.7655216672385,5.93642371393167,6.79138704104198,3.95630239722049,5.06159060211157,4.01243128023642,5.25138917873677,4.05174531901728,4.53521573968366,5.28508373642108,5.63555473248101,5.14985612470192,4.56850652492698
"GSM1501833","Tumor",3.98657751998217,2.69158900945567,6.18667835374678,6.96635076354003,3.37827946624856,4.84247938137902,3.59784789707531,5.48202093788464,3.83071821542592,3.77377949196892,4.31156502424116,5.49409369035123,5.2825313489866,4.00972125429595
"GSM1501835","Tumor",2.36355344726005,3.0775510084513,5.38805050104534,5.53063969651854,2.00877878482102,5.35456998401777,3.33879012207386,4.52913232671317,2.29256436150056,1.41270387438546,4.49159195237455,5.4501327441056,4.85533210845491,1.85104435808053
"GSM1501837","Tumor",-0.307868444608616,2.50520605194205,4.96460586276907,6.44858765974438,3.14080110716691,4.83387018585903,0.742105259062353,4.51764246706365,2.80747243328651,3.64611230960136,4.79255054711941,5.78493552782356,5.71913227899305,5.22375600084267
"GSM1501838","Tumor",2.1486924776158,2.7315813781463,5.91411194668068,6.66522225893113,3.62324360859261,5.1612211418421,0.849960371062512,5.5854972833322,3.78667186998988,3.52023141752195,5.97307337238734,5.49955622104094,4.74342979300568,2.15666402715491
"GSM1501839","Tumor",3.1422237055863,2.77422607265165,5.35559052747125,5.59290648733782,1.51723039314224,4.80571504585639,3.376614199164,4.28425245441619,2.99066604714139,3.25398807389009,5.06685824727681,5.22038146860959,4.85313598951217,3.8056734880016
"GSM1501841","Tumor",1.51693367880499,2.46557132525649,5.04705469727768,5.89959003999315,3.42453251597314,4.15891972331819,3.47902398903272,4.544798778108,2.48648938671485,2.71735801693164,4.14693999051871,5.40712996543756,5.56331192255481,4.56666277971454
"GSM1501845","Tumor",3.75603486064374,3.28341878969004,5.20115318738583,6.14974673532139,3.88877651572235,5.08064607150276,3.39419660147867,4.63779953888543,2.44635367136865,5.17903128845155,5.22935048520887,5.06140027817584,6.20378383858319,4.09651501542669
"GSM1501846","Tumor",3.41265315432547,0.979191745875269,5.94761147601256,7.07489618381769,2.34915435965745,4.79052929475661,1.41090819134697,5.7311890872058,3.68387960597907,3.36276525780182,4.8563791329079,6.26296908425245,5.62758179403791,1.49429062528749
"GSM1501847","Tumor",3.5829514295594,3.18560277420607,5.71103215382528,6.30850979425174,3.69151149019803,5.76237646838248,3.63564013994339,4.12651546286153,3.64581518576624,3.77841933295553,5.05172030341672,5.01567020868644,3.92924151051053,2.75143237164778
"GSM1501848","Tumor",3.29158575268936,1.58221542102758,5.10861043253965,5.39365011128349,1.47944133266765,5.36765727623939,3.04601441033943,4.13514210295603,3.23432503291625,3.05344606293604,4.22849158126375,5.50602119801724,5.21551706037195,1.86248027330632
"GSM1501849","Normal",4.62188986178805,4.10385593258176,2.42905708219785,3.08633592338196,4.18535809976878,4.57834864105315,3.97755707847113,2.2955061637101,3.94443201721611,5.37782604311545,6.1370972756413,4.75690304365255,5.37997087647939,4.70577893048628
"GSM1501850","Tumor",0.687627194433991,2.74474414097131,4.39415709908813,2.65213893231813,2.68083760468349,5.1161243333478,3.12545480024936,2.73475414181091,2.48753428889509,3.21631901952101,4.93662718212918,5.5254758642293,5.49718155967411,4.88483349394267
"GSM1501851","Tumor",2.28987866005926,2.53292232786221,5.4829704160327,6.64176971281268,2.67469588508218,6.19471453098356,1.47250799444138,6.65729406550032,3.47238916738229,3.66694992619667,3.80438108789638,6.22410833778274,5.049794208744,0.601315952650921
"GSM1501852","Tumor",0.637838314231118,2.42649072933596,6.04305258333352,6.61930973709918,2.98565304800977,4.33467416999764,0.56437818366675,5.36948620027389,3.0674510541202,4.11579531514226,4.32099455502304,5.47009183589663,5.14930307787088,4.25788257185988
"GSM1501853","Tumor",2.2932584600741,2.05281604034512,5.11627714411232,5.05947640209043,2.15242210691365,5.19275712986758,3.73361767853897,4.46642360393417,2.30368842413745,2.24244755500457,4.45573591921621,5.19507416566804,4.94548743647594,2.4323173460482
"GSM1501855","Tumor",3.94490914826007,3.48835899569129,5.75632792699702,6.37243269602933,3.39596155589515,4.50555010718341,3.5085138633492,5.31243173678692,3.72500398038328,3.90205923841834,4.69359205407379,5.35223191514093,5.59953333773415,3.32695771403371
"GSM1501857","Tumor",2.93086337407336,1.38500515536913,5.89634343046227,6.84050631270742,2.91678066203614,5.11142150608141,1.74412139075046,5.88301620335205,4.13975276936444,3.54677261908342,3.98587963775479,5.60767287237264,3.76087608965231,4.11319051235939
"GSM1501859","Tumor",3.07200057587587,1.14053111336876,5.90641619444022,6.4919502245205,2.72198976985919,5.14096149060772,3.7982974013067,5.12901058884345,2.75498065794351,4.02445551808937,4.4987459165469,5.77785165961682,5.21683987099723,2.63014886827913
"GSM1501860","Tumor",3.70560767729152,0.381826439514024,5.56231070033629,6.41157775830457,3.6875031262044,4.6020075018425,3.68733493934279,5.41464137760669,3.61573965230194,4.25639934877097,5.27232136459127,5.6865574643295,4.70523859528065,1.66666539898709
"GSM1501861","Tumor",3.27449081446849,3.07945689428668,5.81983040216469,6.85419665232471,3.27595819805348,3.83938005152012,2.81545403227273,5.68890709582836,3.47927858682756,4.38184924537399,4.03750344332572,5.73737800133386,4.73426718028877,2.28165171368017
"GSM1501864","Tumor",-0.226323290155779,2.81857922305138,5.20636516177537,6.3216226144741,3.43333492580406,5.2805861531819,1.29126520862789,4.24090101169071,2.85567247010682,3.4765276532723,4.44741280484771,5.76410913243732,5.48472343149244,2.52464573957487
"GSM1501866","Tumor",3.80770453189464,2.64685473426302,5.67330449857833,6.01149998278748,3.17018458325354,4.87720819000446,3.64027643713442,5.02189967530249,3.74939257628881,3.55921420026973,5.10401579871533,5.22289675067839,4.55368730483179,3.93041844500923
"GSM1501867","Tumor",3.02362385514048,3.43642030054991,5.83134710053042,6.67801232229066,3.42391308997284,3.85150555345709,3.61303049044786,5.40447322121135,3.59206939562925,3.2734776958171,4.95724972973377,5.41804311901749,4.65393115022224,4.00290684632149
"GSM1501868","Tumor",4.25330460640723,2.67770929103355,5.71396124976874,6.77151588897627,3.19439755235641,4.47593845217935,3.57947257114265,4.72237572790836,3.59083130466446,3.92836734610208,4.03785531643323,5.35175438826792,4.86975161393343,0.66627167622353
"GSM1501869","Tumor",4.19775176452026,2.79275755487863,4.70255501959429,5.12602284192167,1.88523941973729,5.44505395182429,3.58899869721153,4.30083786980574,3.5613442696161,3.22102657841861,4.86213369741685,5.42990151956326,4.94285069059708,2.81376254707684
"GSM1501870","Tumor",3.49601826074653,1.36329357963109,5.69671918534688,6.60787218791002,1.88717562758435,5.07643834099927,3.94546797682499,5.4878889453559,3.8286735917205,2.89537065348952,4.29039712222159,5.42035720763651,5.12338439318624,3.37344267358845
"GSM1501871","Tumor",2.94204677151829,3.1679355905906,5.34663016652827,6.38000644621184,3.40390037862032,4.77480693613008,3.6001860134614,4.69497670622268,3.23593184517597,3.18879703538811,4.83497124899258,5.61998128189582,5.35950145255227,2.79607727281139
"GSM1501872","Tumor",3.67148317336289,3.05292528210808,5.27049134969813,5.87432850526993,2.3280563117058,5.08076118317688,3.7302447090364,4.54406225446584,3.4831316724851,3.07232753878241,4.63234490208319,4.51279660815811,5.89425315138983,3.34768046236539
"GSM1501874","Tumor",4.20388939388074,2.07284359666312,5.3427120668782,4.45949332318137,1.81033163157182,5.95705504975787,2.56732317372713,2.74487735891655,2.41682939556016,3.92912409673134,4.57283738993724,5.82390323081047,3.82902894579243,2.27110800422113
"GSM1501875","Tumor",4.7721723812522,3.23238891837514,5.34993919738075,6.17755413029308,3.27256451554889,3.87706429617073,3.57102836098669,5.26624088220297,4.07239387583111,3.61137790630584,4.93200842650129,5.08489975764051,5.10991243117308,3.29432586187323
"GSM1501876","Tumor",3.39304465331356,2.61497376966548,5.75305187371671,6.73518652800351,3.58764791980879,5.38752578451004,3.43484811851042,5.3167076305098,3.72815820322723,3.55489672499385,4.86519206320627,5.48091883941993,5.57190739895755,4.35976680214417
"GSM1501879","Normal",4.66477026853078,3.68645393673336,2.20944023135952,2.21441270643837,4.8720231039144,4.0246394109785,4.03173961107772,2.28380432826419,3.90446556093427,4.6274849530101,5.10184648318467,5.27666260870456,5.20096078573353,4.63494768139545
