"genes"	"modules"
"PRSS2"	"M3"
"SPINK1"	"M3"
"IGFBP7"	"M1"
"DCN"	"M1"
"COL1A1"	"M1"
"HLA-DPA1"	"M2"
"COL1A2"	"M1"
"IGLC1"	"M2"
"RNASE1"	"M3"
"HLA-DRB4"	"M2"
"MGP"	"M1"
"HLA-DQB1"	"M2"
"REG1A"	"M3"
"COL3A1"	"M1"
"HLA-DRB1 /// HLA-DRB1"	"M2"
"HLA-DRA"	"M2"
"ANXA4"	"M3"
"S100A10"	"M1"
"MT1G"	"M3"
"PRSS3P2"	"M3"
"ACTA2"	"M1"
"TIMP1"	"M1"
"LUM"	"M1"
"CPB1"	"M3"
"HLA-B"	"M2"
"SPARC"	"M1"
"ACTG1P4 /// AMY1A /// AMY1B /// AMY1C /// AMY2A /// AMY2B"	"M3"
"PNLIP"	"M3"
"PRDX4"	"M3"
"LGALS1"	"M1"
"SAT1"	"M3"
"C3"	"M1"
"INS"	"M9"
"TM4SF1"	"M1"
"CTRB2"	"M3"
"IGLV1-44"	"M2"
"PRSS3"	"M3"
"IFITM2"	"M1"
"S100A6"	"M1"
"CELA3A"	"M3"
"MT1H"	"M3"
"CELA3B"	"M3"
"KRT18"	"M5"
"SERPINA3"	"M3"
"CEL"	"M3"
"RGS2"	"M2"
"TSPAN8"	"M5"
"CLPS"	"M3"
"COL6A3"	"M1"
"FOS"	"M1"
"C7"	"M8"
"COL4A1"	"M1"
"TAGLN"	"M1"
"EPCAM"	"M5"
"CTRC"	"M3"
"CTGF"	"M1"
"SERPINF1"	"M1"
"CD24"	"M3"
"REG1B"	"M3"
"CPA2"	"M3"
"SEL1L"	"M3"
"IER3"	"M1"
"COL4A2"	"M1"
"ZFP36"	"M1"
"FSTL1"	"M1"
"CYR61"	"M1"
"GP2"	"M3"
"DSP"	"M5"
"CFL1"	"M3"
"PLA2G1B"	"M3"
"LIPA"	"M2"
"HLA-DPB1"	"M2"
"IFITM1"	"M1"
"CTSB"	"M1"
"EFEMP1"	"M1"
"CELA2B"	"M3"
"SERPINA1"	"M1"
"IGJ"	"M2"
"MT1F"	"M3"
"HBA1 /// HBA2"	"M5"
"ANXA1"	"M1"
"NNMT"	"M1"
"TTR"	"M9"
"HLA-F"	"M2"
"ASPN"	"M1"
"MSN"	"M1"
"IGFBP3"	"M1"
"CPA1"	"M3"
"PNLIPRP2"	"M3"
"ATP1B3"	"M1"
"MAFB"	"M1"
"GJA1"	"M1"
"REG3A"	"M3"
"S100A11"	"M1"
"SERPING1"	"M1"
"NUCB2"	"M3"
"MMP7"	"M1"
"IGHM"	"M2"
"KCTD12"	"M2"
"CELP"	"M3"
"S100A4"	"M1"
"COL15A1"	"M1"
"APOD"	"M1"
"GCG"	"M9"
"C1R"	"M1"
"TPST2"	"M3"
"P4HB"	"M3"
"CCL2"	"M2"
"OLFM4"	"M5"
"BTN3A2"	"M2"
"TGFBI"	"M1"
"NUPR1"	"M3"
"IFI16"	"M1"
"PNLIPRP1"	"M3"
"ADH1B"	"M5"
"HLA-DMB"	"M2"
"CPE"	"M9"
"EPHX1"	"M3"
"CFTR"	"M3"
"RBP1"	"M3"
"SCG5"	"M9"
"ARPC1B"	"M1"
"IGFBP2"	"M3"
"SST"	"M9"
"LAPTM5"	"M2"
"TRIM22"	"M2"
"GEM"	"M1"
"CUZD1"	"M3"
"LGMN"	"M2"
"SLC3A1"	"M3"
"THBS2"	"M1"
"HSPA1L"	"M1"
"IMPA2"	"M3"
"LYZ"	"M3"
"MARCKSL1"	"M1"
"ENPP2"	"M2"
"AEBP1"	"M1"
"EPB41L4B"	"M3"
"KRT8"	"M5"
"IFI27"	"M8"
"ANPEP"	"M2"
"IGLL3P"	"M2"
"HTRA1"	"M1"
"IGKV1-37 /// IGKV1-37 /// IGKV1D-37 /// IGKV1D-37"	"M2"
"IGLL5"	"M2"
"VCAM1"	"M2"
"LGALS3BP"	"M1"
"IGFBP4"	"M1"
"MSRB1"	"M3"
"IGKV1OR2-108 /// IGKV1OR2-108"	"M2"
"CDC42"	"M2"
"TM4SF4"	"M5"
"APOE"	"M1"
"LXN"	"M1"
"PLIN2"	"M2"
"CTSK"	"M1"
"CTSE"	"M6"
"BGN"	"M1"
"DUSP6"	"M2"
"MXRA5"	"M1"
"C1QA"	"M2"
"FHL2"	"M1"
"TPM2"	"M1"
"SRPX"	"M1"
"CD55"	"M6"
"S100A8"	"M2"
"MYOF"	"M1"
"CHSY1"	"M1"
"CAMK2N1"	"M3"
"AGR2"	"M6"
"S100A11P1 /// S100A11P1"	"M1"
"GMNN"	"M3"
"MYO5C"	"M2"
"CD14"	"M1"
"PDGFD"	"M8"
"TUBB6"	"M1"
"ALOX5AP"	"M1"
"CPA3"	"M8"
"LGALS4"	"M5"
"CD53"	"M2"
"CTRL"	"M3"
"FLNA"	"M1"
"MUC1"	"M5"
"RPS4Y1"	"Not.Correlated"
"RAB31"	"M1"
"AQP12A /// AQP12B"	"M3"
"GSTA1"	"M3"
"LAMB1"	"M1"
"JUNB"	"M1"
"AKR1C3"	"M6"
"RND3"	"M1"
"AHR"	"M1"
"TCF4"	"M1"
"PTPN12"	"M1"
"SLC20A1"	"M1"
"HLA-DMA"	"M2"
"FABP4"	"M5"
"RBMS1"	"M1"
"AQP1"	"M3"
"F3"	"M1"
"MS4A6A"	"M2"
"KLF2"	"M1"
"TYROBP"	"M2"
"ID1"	"M3"
"MRC1"	"M2"
"C1QB"	"M2"
"LHFP"	"M1"
"TMEM97"	"M3"
"MYL9"	"M1"
"BEX1"	"M9"
"CXCL14"	"M1"
"KPNA2"	"M3"
"C1S"	"M1"
"HK1"	"M1"
"SPON1"	"M1"
"COL6A2"	"M1"
"CD163"	"M2"
"GLRX"	"M3"
"VMP1"	"M1"
"KLK1"	"M3"
"SERPINE2"	"M1"
"ISG15"	"M1"
"SIK1"	"M1"
"PLAT"	"M1"
"ETS2"	"M2"
"NR4A1"	"M1"
"LCN2"	"M7"
"CXCR4"	"M2"
"AC128677.4 /// CH17-132F21.1 /// IGKV1OR-1 /// IGKV1OR-1 /// IGKV1OR10-1 /// IGKV1OR10-1 /// IGKV1OR2-2"	"M2"
"TIMP3"	"M1"
"GALNT3"	"M5"
"FAT1"	"M7"
"SFRP4"	"M1"
"EGR1"	"M1"
"PCOLCE"	"M1"
"SERPINH1"	"M1"
"ASNS"	"M1"
"VWF"	"M2"
"MX1"	"M3"
"CEACAM6"	"M7"
"TMEM45A"	"M1"
"ID3"	"M1"
"TMEM30B"	"M5"
"FYN"	"M2"
"SOX9"	"M5"
"AZGP1"	"M2"
"PFKFB3"	"M1"
"FXYD5"	"M1"
"LGALS2"	"M3"
"CHGA"	"M9"
"PXDN"	"M1"
"BASP1"	"M2"
"ADIRF"	"M4"
"FAM129A"	"M3"
"KRT19"	"M6"
"OLFML3"	"M1"
"RGS5"	"M1"
"CA2"	"M4"
"HCLS1"	"M2"
"IGKV1-17 /// IGKV1-17"	"M2"
"F13A1"	"M1"
"MGST1"	"M5"
"C3AR1"	"M1"
"BST2"	"M1"
"CAV1"	"M2"
"LCP1"	"M2"
"IRF8"	"M2"
"NBL1"	"M1"
"PTGDS"	"M2"
"BACE1"	"M3"
"PROM1"	"M5"
"LSR"	"M5"
"GMFG"	"M2"
"PDGFRB"	"M1"
"CSF1R"	"M2"
"PPY"	"M9"
"CECR1"	"M2"
"PSMB8"	"M2"
"FBP1"	"M4"
"CD52"	"M2"
"CPVL"	"M2"
"APOC1"	"M1"
"AKAP7"	"M3"
"THBS4"	"M1"
"PSMB9"	"M2"
"PDIA2"	"M3"
"MXRA8"	"M1"
"PLS1"	"M5"
"PTGIS"	"M1"
"LTBP2"	"M1"
"WEE1"	"M1"
"MGLL"	"M3"
"RNF128"	"M5"
"ZCCHC24"	"M1"
"SERPINA5"	"M3"
"DEFB1"	"M3"
"SLPI"	"M7"
"PDLIM3"	"M1"
"COL16A1"	"M1"
"AKR7A3"	"M1"
"GBP2"	"M3"
"RARRES3"	"M3"
"MMD"	"M1"
"SLC7A7"	"M2"
"MIR22 /// MIR22HG"	"M2"
"FOSB"	"M2"
"C1orf106"	"M6"
"IER5"	"M1"
"BIRC3"	"M2"
"PFKP"	"M1"
"TESC"	"M5"
"PRELP"	"M1"
"ST6GAL1"	"M2"
"FGL1"	"M3"
"COL14A1"	"M1"
"ADM"	"M3"
"C1orf54"	"M2"
"PRR15L"	"M5"
"TFF2"	"M6"
"TRBC1"	"M2"
"TFF1"	"M6"
"S100A9"	"M2"
"AKAP2 /// PALM2-AKAP2"	"M2"
"VSIG4"	"M1"
"RAI14"	"M1"
"CFD"	"M2"
"FNBP1"	"M2"
"FGFR3"	"M3"
"CD58"	"M3"
"ACVR1"	"M1"
"TCN1"	"M7"
"MT1M"	"M3"
"SOD2"	"M1"
"THBD"	"M2"
"MET"	"M7"
"CRLF3"	"M2"
"PLA2G2A"	"M2"
"DMD"	"M3"
"SNAI2"	"M1"
"IL7R"	"M2"
"SLC39A5"	"M1"
"SLC43A1"	"M3"
"MLPH"	"M6"
"EFNB2"	"M3"
"AQP8"	"M3"
"S100P"	"M7"
"PNP"	"M3"
"C6"	"M3"
"IGK"	"M2"
"SCNN1A"	"M5"
"CKLF"	"M1"
"CXCL8"	"M1"
"CLDN7"	"M5"
"ANXA3"	"M7"
"GPX2"	"M6"
"TPSB2"	"M1"
"MS4A4A"	"M2"
"PDZK1IP1"	"M5"
"RAMP1"	"M2"
"COL5A1"	"M1"
"TPSAB1"	"M1"
"CLDN18"	"M6"
"RAB25"	"M5"
"SERPINI2"	"M3"
"CFI"	"M1"
"LGR4"	"M2"
"CES2"	"M4"
"CA12"	"M2"
"MAP1B"	"M1"
"CAPG"	"M1"
"THY1"	"M1"
"DPEP1"	"M3"
"ELF3"	"M5"
"EMP3"	"M1"
"CCL14 /// CCL15-CCL14"	"M5"
"HSD17B2"	"M5"
"RAP2B"	"M1"
"DMBT1"	"M4"
"PROS1"	"M1"
"CFH"	"M1"
"MAOA"	"M1"
"CFB"	"M1"
"CD48"	"M2"
"PLAUR"	"M1"
"TOM1L1"	"M5"
"FBN1"	"M1"
"BICC1"	"M1"
"CD3D"	"M2"
"ANGPTL2"	"M1"
"ENC1"	"M7"
"FAS"	"M1"
"AUTS2"	"M1"
"PEA15"	"M1"
"IGLJ3"	"M2"
"PLAC8"	"M3"
"DDX60"	"M3"
"FRZB"	"M1"
"IGFBP6"	"M1"
"PPL"	"M7"
"EVI2B"	"M2"
"TGM2"	"M1"
"MFAP5"	"M1"
"TFF3"	"M6"
"MFAP4"	"M1"
"IL2RG"	"M2"
"G0S2"	"M2"
"RGS1"	"M1"
"HN1"	"M8"
"SDC1"	"M7"
"PLAU"	"M1"
"IGF1"	"M2"
"SYBU"	"M3"
"LOC100506558 /// MATN2"	"M2"
"NID2"	"M1"
"RAP1GAP"	"M3"
"COL10A1"	"M1"
"GALNT12"	"M5"
"DNAJC12"	"M3"
"CCL4"	"M2"
"LY86"	"M2"
"NARR /// RAB34"	"M1"
"SPINT1"	"M5"
"DUSP4"	"M5"
"GPRC5A"	"M7"
"TNFAIP3"	"M2"
"TRIB2"	"M1"
"PHLDA1"	"M1"
"UGT2B15"	"M3"
"VCAN"	"M1"
"TRAC"	"M2"
"HMOX1"	"M2"
"SLC19A2"	"M1"
"FERMT1"	"M6"
"LY96"	"M2"
"KCNJ15"	"M3"
"BNIP3"	"M3"
"DAAM1"	"M2"
"ANXA10"	"M5"
"ARL4C"	"M1"
"GPR116"	"M2"
"MDK"	"M1"
"ERO1LB"	"M3"
"KIAA0101"	"M8"
"SULF1"	"M1"
"ITM2A"	"M2"
"IFIT1"	"M1"
"CCL18"	"M2"
"DHCR24"	"M3"
"GBP1"	"M2"
"EMP1"	"M1"
"TSPAN1"	"M6"
"TMEM204"	"M1"
"CD36"	"M5"
"CBS"	"M3"
"HBEGF"	"M1"
"PAK3"	"M3"
"ADAM28"	"M1"
"GAREM"	"M2"
"FAP"	"M1"
"CCL21"	"M2"
"IFI44L"	"M1"
"TLR2"	"M1"
"FBLN1"	"M1"
"ZNF217"	"M1"
"HIST1H2BD"	"M8"
"CHRDL1"	"M2"
"CSGALNACT2"	"M1"
"CORO1A"	"M2"
"ROBO1"	"M1"
"RNASE6"	"M2"
"SLC2A3"	"M1"
"TGFB1I1"	"M1"
"GIMAP4"	"M2"
"CCL19"	"M2"
"NRCAM"	"M3"
"CHGB"	"M9"
"ESRP1"	"M5"
"GSTT1"	"Not.Correlated"
"FCGBP"	"M6"
"PNMA1"	"M1"
"ACKR1"	"M2"
"MOXD1"	"M1"
"RBP4"	"M9"
"IAPP"	"M3"
"LAMC2"	"M7"
"CRIP1"	"M1"
"ACSL5"	"M6"
"CARD16"	"M2"
"LOXL1"	"M1"
"FERMT2"	"M1"
"DUSP5"	"M1"
"PTTG1"	"M8"
"MFAP2"	"M1"
"NUAK1"	"M1"
"EGR2"	"M1"
"SCGN"	"M9"
"MCL1"	"M2"
"NPC1"	"M3"
"SLC12A2"	"M3"
"TAP1"	"M3"
"LY6E"	"M1"
"NR2F1"	"M1"
"HCK"	"M2"
"KCNJ16"	"M3"
"GLYR1"	"M2"
"FGFR2"	"M3"
"SERPINA4"	"M3"
"CBR1"	"M4"
"IL10RA"	"M2"
"DFNA5"	"M1"
"F8"	"M3"
"GPR183"	"M2"
"SCG2"	"M9"
"CYTIP"	"M2"
"COL6A1"	"M1"
"LPCAT1"	"M2"
"ISLR"	"M1"
"NAMPT"	"M2"
"LAMB3"	"M7"
"ITGB2"	"M2"
"ELN"	"M1"
"ICAM1"	"M2"
"CYP3A5"	"M5"
"STEAP1"	"M1"
"S100A14"	"M6"
"KLK11"	"M2"
"CILP"	"M1"
"LAMA4"	"M1"
"CNN1"	"M1"
"CD2"	"M2"
"EXOSC7"	"M5"
"LAMA2"	"M1"
"MALL"	"M6"
"GCNT3"	"M6"
"CXCL1"	"M2"
"EGR3"	"M1"
"RASSF2"	"M2"
"MX2"	"M3"
"GREM1"	"M1"
"PLEK2"	"M7"
"OPN3"	"M1"
"RGS4"	"M1"
"LYVE1"	"M5"
"SAA1 /// SAA2"	"M2"
"MMP9"	"M2"
"REEP1"	"M1"
"ACTG2"	"M3"
"DPT"	"M8"
"SLC25A15"	"M1"
"HOXB2"	"M1"
"FGL2"	"M2"
"AOX1"	"M8"
"SLC39A4"	"M4"
"PMEPA1"	"M1"
"OLFML2B"	"M1"
"TNC"	"M2"
"IFI6"	"M1"
"PROM2"	"M5"
"TC2N"	"M3"
"GPR137B"	"M1"
"KLRB1"	"M2"
"CD300A"	"M2"
"FLRT2 /// LOC100506718"	"M3"
"EVI2A"	"M2"
"LTF"	"M4"
"SERPINE1"	"M1"
"IGF2 /// INS-IGF2"	"M1"
"RPS16P5"	"M2"
"CPM"	"M1"
"SERPINI1"	"M3"
"PDK4"	"M1"
"ADH1C"	"M4"
"XAF1"	"M1"
"PGC"	"M4"
"CSF2RB"	"M2"
"CCL5"	"M2"
"COLEC11"	"M9"
"CXCL9"	"M2"
"CXCL10"	"M2"
"CD8A"	"M2"
"SYNM"	"M1"
"TNFRSF21"	"M1"
"IL1B"	"M2"
"GFPT2"	"M1"
"MYRF"	"M5"
"PPAP2C"	"M5"
"SELPLG"	"M2"
"P2RX1"	"M3"
"AGT"	"M1"
"EPB41L2"	"M1"
"CSTA"	"M1"
"ADA"	"M4"
"TNFRSF1B"	"M2"
"BTN3A3"	"M2"
"GZMK"	"M2"
"CD79A"	"M5"
"IL22RA1"	"M3"
"NEBL"	"M2"
"FEZ1"	"M1"
"GMDS"	"M6"
"FCER1G"	"M2"
"GIMAP6"	"M2"
"CD27"	"M2"
"EPB41L3"	"M2"
"ZNF532"	"M1"
"PSMB8-AS1"	"M2"
"RGN"	"M3"
"CCL3 /// CCL3L1 /// CCL3L3"	"M2"
"CDH11"	"M1"
"IL6"	"M2"
"PRSS8"	"M5"
"PAX6"	"M9"
"LMOD1"	"M1"
"CCR1"	"M2"
"C1orf116"	"M6"
"AADAC"	"M2"
"GCAT"	"M3"
"ARSE"	"M3"
"CCDC109B"	"M2"
"OAS1"	"M8"
"ZFP36L2"	"M2"
"APOBEC3G"	"M2"
"ISG20"	"M3"
"GC"	"M9"
"ELTD1"	"M2"
"PIK3CD"	"M2"
"CCR5"	"M2"
"DLK1"	"M3"
"BHLHE40"	"M1"
"DSG2"	"M5"
"ATP10B"	"M5"
"CIDEC"	"M4"
"CLIC2"	"M2"
"NCF2"	"M1"
"RNF186"	"M1"
"MNDA"	"M1"
"OAS3"	"M1"
"PDGFRL"	"M1"
"FCGR3B"	"M1"
"TMC5"	"M6"
"RP11-540O11.1"	"M3"
"BIK"	"M7"
"KIT"	"M2"
"AKR1B10"	"M6"
"FCGR1A"	"M1"
"HLA-DQA1"	"M1"
"PLXDC2"	"M1"
"MMP1"	"M1"
"LINC00339"	"M3"
"DCLK1"	"M2"
"BSPRY"	"M2"
"QPCT"	"M1"
"PCSK1N"	"M9"
"PDE4B"	"M2"
"OLFML1"	"M1"
"CDHR2"	"M4"
"LAMP3"	"M2"
"NR4A2"	"M1"
"ZWINT"	"M8"
"LCP2"	"M2"
"JAM2"	"M1"
"C5AR1"	"M1"
"PPP1R3C"	"M2"
"CTSS"	"M2"
"ANK2"	"M2"
"SPAG4"	"M1"
"ARL14"	"M6"
"CDS1"	"M6"
"GALNT6"	"M6"
"AMBP"	"M3"
"LIF"	"M1"
"KLF4"	"M3"
"FCGR2B"	"M1"
"SLC16A10"	"M3"
"RARRES1"	"M1"
"LAMP5"	"M1"
"ADAM9"	"M1"
"CEACAM5"	"M6"
"HSD11B1"	"M1"
"CD37"	"M2"
"STON1"	"M1"
"KCTD14 /// NDUFC2-KCTD14"	"M2"
"EPHX2"	"M1"
"RTP4"	"M8"
"STMN2"	"M9"
"GIPC2"	"M1"
"MAP3K8"	"M2"
"KLF5"	"M6"
"FHL1"	"M2"
"VLDLR"	"M3"
"DIRAS3"	"M3"
"SPOCK1"	"M1"
"GPM6B"	"M2"
"ENTPD1"	"M1"
"COMP"	"M1"
"CST7"	"M2"
"RAB26"	"M2"
"RTN1"	"M2"
"CASP1"	"M2"
"PIP5K1B"	"M1"
"REG1P"	"M3"
"COL4A5"	"M1"
"IL1R2"	"M1"
"ISL1"	"M9"
"NR5A2"	"M3"
"PEX7"	"M2"
"ITGA2"	"M7"
"OSBPL11"	"M2"
"CKMT1A /// CKMT1B"	"M6"
"THEMIS2"	"M2"
"EPHA3"	"M1"
"ITGAM"	"M1"
"CYBRD1"	"M1"
"CH25H"	"M1"
"IL1RN"	"M1"
"C4orf19"	"M3"
"PON3"	"M2"
"RRM2"	"M8"
"IQCJ-SCHIP1 /// SCHIP1"	"M1"
"ZNF267"	"M1"
"STC2"	"M1"
"DDC"	"M2"
"CDH5"	"M2"
"HMGCS2"	"M2"
"ZBTB16"	"M8"
"SAMSN1"	"M2"
"OGN"	"M1"
"LPL"	"M2"
"LRRC17"	"M1"
"TREM1"	"M1"
"C5"	"M3"
"GRHL2"	"M5"
"DKK3"	"M1"
"CD69"	"M2"
"TOX3"	"M5"
"CKS2"	"M8"
"AF070581"	"M3"
"CST4"	"M7"
"TNIK"	"M3"
"MUC13"	"M6"
"RASGRP1"	"M2"
"IL15"	"M2"
"CCL13"	"M3"
"MMP12"	"M2"
"RGS16"	"M1"
"NREP"	"M1"
"UGT1A1"	"M6"
"EMILIN1"	"M1"
"CCL8"	"M3"
"TREM2"	"M1"
"NPR3"	"M1"
"TMPRSS4"	"M7"
"CCR7"	"M2"
"VILL"	"M6"
"LINC01140"	"M1"
"CHST4"	"M3"
"FMO1"	"M1"
"SFRP5"	"M3"
"DACT1"	"M1"
"EDNRA"	"M1"
"HGD"	"M2"
"NPTX2"	"M9"
"GAS2"	"M3"
"PTPRCAP"	"M2"
"ENPEP"	"M2"
"LOC100129129"	"M3"
"FCGR1B"	"M1"
"SKAP2"	"M1"
"BTK"	"M2"
"ETS1"	"M2"
"LDLRAD4"	"M1"
"FLI1"	"M2"
"PDE2A"	"M5"
"APOA4"	"M4"
"SAA1 /// SAA2 /// SAA2-SAA4"	"M2"
"USH1C"	"M6"
"DUSP2"	"M2"
"PPP1R16B"	"M2"
"ITGA3"	"M7"
"RAC2"	"M2"
"CYBB"	"M2"
"CDH3"	"M7"
"RHOH"	"M2"
"SELL"	"M2"
"GZMA"	"M2"
"TCF21"	"M1"
"IL18"	"M1"
"APOH"	"M9"
"OAS2"	"M3"
"CHI3L1"	"M1"
"HK2"	"M8"
"GPR171"	"M2"
"NUSAP1"	"M8"
"ITIH4"	"M3"
"TRIM29"	"M7"
"FGF7"	"M1"
"ANXA8 /// ANXA8L1"	"M7"
"VTCN1"	"M3"
"CCL20"	"M1"
"FOXF1"	"M1"
"CD300LF"	"M1"
"HOXA5"	"M1"
"TMPRSS3"	"M5"
"PLA2G7"	"M2"
"RASAL2"	"M1"
"ANKRD28"	"M1"
"HPN"	"M3"
"LEPREL1"	"M1"
"MIR143HG"	"M1"
"SLC24A3"	"M1"
"DES"	"M1"
"ABCC6P1"	"M1"
"HABP2"	"M3"
"ITK"	"M2"
"GNMT"	"M3"
"PCSK5"	"M1"
"TMEM100"	"M1"
"FGR"	"M2"
"FA2H"	"M6"
"NQO1"	"M6"
"IDO1"	"M2"
"SLC38A6"	"M1"
"PBLD"	"M2"
"SLC44A4"	"M6"
"PCSK1"	"M9"
"FOXA2"	"M3"
"SERPINA6"	"M3"
"SFN"	"M7"
"EPS8L3"	"M6"
"CCDC68"	"M6"
"TFPI"	"M1"
"BCL2A1"	"M2"
"CENPU"	"M8"
"PLA1A"	"M1"
"ITGA8"	"M2"
"TTC39A"	"M5"
"FOLR1"	"M3"
"DHRS9"	"M1"
"CDK1"	"M8"
"CHRM3"	"M3"
"SLC4A4"	"M3"
"VNN1"	"M6"
"WFDC1"	"M3"
"NELL2"	"M2"
"CCL11"	"M4"
"KLF7"	"M1"
"CLDN1"	"M7"
"F5"	"M6"
"MS4A1"	"M2"
"PLXDC1"	"M1"
"GHR"	"M2"
"APLP1"	"M3"
"CD180"	"M2"
"PIGR"	"M4"
"IFI44"	"M1"
"LCK"	"M2"
"MST1R"	"M6"
"CST2"	"M7"
"GRB14"	"M3"
"ABCG1"	"M3"
"HOXC6"	"M1"
"AX746823"	"M1"
"TM6SF1"	"M1"
"FKBP5"	"M5"
"COL21A1"	"M1"
"SV2B"	"M3"
"VIM"	"M2"
"ALB"	"M3"
"TBX3"	"M3"
"BAG2"	"M1"
"GLIPR1"	"M2"
"CEACAM1"	"M6"
"ADARB1"	"M2"
"TRAF3IP3"	"M2"
"CXCL3"	"M1"
"MELK"	"M8"
"C4BPA"	"M1"
"PLCB4"	"M1"
"MARCO"	"M2"
"PDLIM4"	"M1"
"C1GALT1"	"M6"
"SAMD15"	"M3"
"KAL1"	"M1"
"AQP9"	"M2"
"HCP5"	"M2"
"MAT1A"	"M3"
"DUOX2"	"M7"
"NPY1R"	"M3"
"DPP4"	"M4"
"TNFAIP6"	"M1"
"GPR65"	"M2"
"PLIN1"	"M6"
"PRRX1"	"M1"
"OSBPL3"	"M3"
"SMCHD1"	"M2"
"CPS1"	"M4"
"CD38"	"M2"
"KLK10"	"M7"
"SDPR"	"M5"
"BCAT1"	"M3"
"MUC5AC"	"M6"
"CXCL6"	"M1"
"HUNK"	"M3"
"SLC12A8"	"M1"
"SRPX2"	"M1"
"CD247"	"M2"
"KCNK3"	"M3"
"RUNX3"	"M2"
"NAIP"	"M2"
"CD5L"	"M5"
"ZEB2"	"M2"
"ADAMDEC1"	"M2"
"ZFPM2"	"M1"
"ACSM3"	"M3"
"6-Sep"	"M2"
"SULT1C2"	"M6"
"BANK1"	"M2"
"HPGDS"	"M1"
"CCR2"	"M2"
"GCNT1"	"M3"
"IGSF6"	"M2"
"PDCD4"	"M1"
"MIA"	"M7"
"HOMER2"	"M3"
"CDH17"	"M4"
"AGTR1"	"M5"
"OMD"	"M1"
"PNMAL1"	"M9"
"MMP11"	"M7"
"NRN1"	"M2"
"ANXA9"	"M3"
"FAM198B"	"M1"
"EFS"	"M1"
"KLRC4-KLRK1 /// KLRK1"	"M2"
"XIST"	"Not.Correlated"
"DPYSL3"	"M1"
"BNC2"	"M1"
"CP"	"M1"
"EGF"	"M3"
"TWIST1"	"M1"
"WNT2"	"M1"
"MICB"	"M2"
"DHRS11"	"M4"
"MYCL"	"M3"
"NR4A3"	"M1"
"TM4SF5"	"M4"
"LINC00597"	"M2"
"TCL1A"	"M2"
"IL33"	"M2"
"TLR1"	"M2"
"LOX"	"M1"
"HOMER1"	"M1"
"ACADL"	"M3"
"S100A2"	"M1"
"KLK7"	"M5"
"HPGD"	"M6"
"CLDN3"	"M2"
"ADAM12"	"M1"
"SLC27A2"	"M1"
"STS"	"M1"
"SLC2A5"	"M4"
"TDO2"	"M1"
"SULT1B1"	"M4"
"PSTPIP2"	"M2"
"LOC100996668 /// ZEB1"	"M1"
"AOC1"	"M6"
"ITGAL"	"M2"
"NKG7"	"M2"
"MEOX1"	"M1"
"P2RX5"	"M2"
"FCN1"	"M2"
"GPA33"	"M4"
"NEUROD1"	"M9"
"KCNN4"	"M7"
"TPX2"	"M8"
"KDM5D"	"Not.Correlated"
"BCAS1"	"M6"
"FZD7"	"M1"
"ACSL4"	"M1"
"EHF"	"M5"
"PMAIP1"	"M3"
"BTBD19"	"M1"
"RP1-142L7.8"	"M1"
"MN1"	"M1"
"CYP2C18"	"M6"
"P2RY13"	"M2"
"SLC16A4"	"M1"
"EGLN3"	"M8"
"ESRRG"	"M1"
"STK17B"	"M2"
"TMEM158"	"M1"
"CLEC10A"	"M2"
"WISP2"	"M1"
"CD22"	"M5"
"ASPA"	"M2"
"MIR6787 /// SLC16A3"	"M8"
"COL11A1"	"M7"
"MBNL1"	"M2"
"GALNT4 /// POC1B-GALNT4"	"M5"
"SCGB2A1"	"M9"
"PCP4"	"M9"
"UGT2A3"	"M3"
"FLRT3"	"M6"
"PVRIG"	"M2"
"WIPF1"	"M2"
"HBG1 /// HBG2"	"M5"
"NKX2-3"	"M4"
"CDH1"	"M5"
"CLEC4A"	"M1"
"SCRG1"	"M1"
"KCNJ2"	"M2"
"CLC"	"M2"
"IRF6"	"M5"
"NAP1L3"	"M1"
"REG4"	"M6"
"AIM2"	"M2"
"CST1"	"M7"
"RHOJ"	"M2"
"KDELC1"	"M1"
"FGF13"	"M2"
"TARP"	"M2"
"PRSS16"	"M2"
"SAMD9"	"M8"
"HAND2-AS1"	"M9"
"ADRB2"	"M2"
"P2RY14"	"M2"
"IL6R"	"M2"
"CLIC5"	"M3"
"CD72"	"M2"
"ADAMTS2"	"M1"
"FOXF2"	"M6"
"PI3"	"M1"
"PDZK1"	"M2"
"IL20RA"	"M3"
"TXLNGY"	"Not.Correlated"
"CCKBR"	"M1"
"ABCB1"	"M1"
"SLC30A8"	"M9"
"KRT23"	"M7"
"ZG16"	"M1"
"P2RY10"	"M2"
"SRGN"	"M2"
"ADCY1"	"M3"
"GABRP"	"M7"
"TFPI2"	"M3"
"HRH1"	"M1"
"ANXA13"	"M4"
"LRRN4CL"	"M1"
"CCDC102B"	"M1"
"SPRR3"	"M7"
"CST6"	"M7"
"AMFR"	"Not.Correlated"
"ANGPT2"	"M3"
"DSC2"	"M4"
"GZMB"	"M2"
"LYPD1"	"M3"
"BCL11B"	"M2"
"VGLL3"	"M1"
"CDHR5"	"M4"
"BTNL8"	"M4"
"PDE1A"	"M1"
"SLC5A1"	"M4"
"NOX4"	"M1"
"CDKN3"	"M8"
"CD1D"	"M2"
"UPK1B"	"M2"
"CLIC3"	"M7"
"BUB1B"	"M8"
"TRHDE"	"M1"
"ECT2"	"M8"
"NKX2-2"	"M9"
"APOA1"	"M4"
"PCSK2"	"M9"
"OLR1"	"M1"
"CXCR2"	"M2"
"CYP2J2"	"M4"
"EDN3"	"M4"
"CCNB1"	"M8"
"APOBEC3B"	"M8"
"VPREB3"	"M2"
"RP11-389C8.2"	"M2"
"CRYBA2"	"M9"
"FCN3"	"M6"
"MUC5B"	"M7"
"CDC20"	"M8"
"PLN"	"M1"
"LOC101928535"	"M3"
"A2M-AS1"	"M2"
"PROX1"	"M1"
"PIR"	"M3"
"EMR2"	"M2"
"UGT8"	"M6"
"NDC80"	"M3"
"MYRIP"	"M1"
"TOX"	"M2"
"TNFSF4"	"M7"
"OCLN"	"M5"
"MYO1A"	"M4"
"ITGB6 /// LOC100505984"	"M7"
"PTPN22"	"M2"
"PRKCB"	"M2"
"MSLN"	"M7"
"INSM1"	"M9"
"MLLT3"	"M1"
"XK"	"M2"
"APCS"	"M3"
"TRIM50"	"M3"
"SPINK4"	"M4"
"NETO2"	"M2"
"PTX3"	"M5"
"NFE2L3"	"M3"
"HTR2B"	"M1"
"S100A12"	"M5"
"DKK1"	"M1"
"RFX6"	"M9"
"GK"	"M3"
"C1orf210"	"M2"
"NPC1L1"	"M6"
"CAPN9"	"M6"
"FMO3"	"M1"
"SMC2"	"M8"
"ELOVL6"	"M6"
"C19orf26"	"M3"
"CXCL13"	"M2"
"LOC101929842 /// PGA3 /// PGA4 /// PGA5"	"M1"
"PCK1"	"M4"
"GINS1"	"M8"
"C4BPB"	"M6"
"ATP2C2"	"M6"
"CLCA1"	"M4"
"SSTR5-AS1"	"M3"
"LPPR4"	"M1"
"SLC7A9"	"M4"
"CRISP3"	"M9"
"TNFRSF17"	"M2"
"TUSC3"	"M9"
"ATP4A"	"M1"
"SLC15A1"	"M4"
"ABCG2"	"M4"
"CRP"	"M3"
"HAS1"	"M1"
"LOC101927734"	"M3"
"C5orf46"	"M7"
"FBXO22"	"M1"
"ADIPOQ"	"M8"
"ITIH2"	"M9"
"IL18R1"	"M2"
"NDNF"	"M1"
"GPR64"	"M2"
"KRT5"	"M7"
"LOC101929036 /// PAH"	"M3"
"CYP2B6"	"M4"
"NAV3"	"M1"
"OSR2"	"M1"
"MUC2"	"M4"
"TFEC"	"M2"
"LIPG"	"M1"
"C16orf54"	"M2"
"KMO"	"M2"
"MACC1"	"M5"
"SLAMF7"	"M2"
"LILRB5"	"M5"
"SPATS2L"	"M1"
"LY6D"	"M7"
"WT1"	"M2"
"TCEAL2"	"M2"
"KLRC1 /// KLRC2"	"M2"
"TLR7"	"M1"
"PENK"	"M1"
"BCHE"	"M2"
"DTL"	"M8"
"CLEC5A"	"M1"
"LCT"	"M4"
"HMMR"	"M8"
"CR2"	"M2"
"COL17A1"	"M7"
"KIF14"	"M8"
"FN1"	"M1"
"CD80"	"M2"
"WISP1"	"M1"
"MEOX2"	"M1"
"DEFA6"	"M4"
"SCIN"	"M6"
"NMU"	"M7"
"CD19"	"M2"
"SNAP25"	"M9"
"TOP2A"	"M8"
"ALPI"	"M4"
"CNIH3"	"M2"
"GPR18"	"M2"
"CDC7"	"M2"
"MYBL1"	"M2"
"GNLY"	"M2"
"KIAA0125"	"M2"
"SERPINB2"	"M1"
"FLJ35700"	"M2"
"PRSS21"	"M2"
"MYB"	"M3"
"CXCL2"	"M2"
"AMPD1"	"M4"
"EIF1AY"	"Not.Correlated"
"CLDN10"	"M3"
"ITGA4"	"M2"
"FGB"	"M2"
"HCAR3"	"M2"
"EGFL6"	"M1"
"CEP55"	"M8"
"DEFA1 /// DEFA1B /// DEFA3"	"M5"
"GPNMB"	"M1"
"CFP"	"M5"
"ANTXR1"	"M1"
"SH2D1A"	"M2"
"PCOLCE2"	"M3"
"XPNPEP2"	"M4"
"PTGS2"	"M3"
"SERPINB3"	"M7"
"HIST1H2BJ"	"M8"
"GAPT"	"M2"
"SLC28A2"	"M4"
"ASPM"	"M8"
"CCR6"	"M2"
"ANKEF1"	"M2"
"CORO2A"	"M6"
"ARNTL2"	"M1"
"HSD17B6"	"M8"
"VASH1"	"M1"
"PGK1"	"M3"
"HGF"	"M1"
"LOC101928789 /// SP140"	"M2"
"SLC6A20"	"M6"
"MAATS1"	"M3"
"CETP"	"M5"
"CXCL11"	"M3"
"APOBEC1"	"M4"
"STAB2"	"M5"
"PIK3C2G"	"M5"
"SPP1"	"M1"
"PSCA"	"M6"
"HAS2"	"M1"
"MUC6"	"M2"
"PSPH"	"Not.Correlated"
"LOC100289094"	"M3"
"PCDH7"	"M8"
"CHP2"	"M4"
"MAB21L2"	"M3"
"FILIP1"	"M2"
"SCG3"	"M9"
"TFAP2A"	"M7"
"FCRL2"	"M2"
"APOC3"	"M4"
"DLGAP5"	"M8"
"GDA"	"M4"
"CLEC4M"	"M5"
"RIMBP2"	"M9"
"RP11-305O6.3"	"M1"
"CCL25"	"M4"
"LGALS7 /// LGALS7B"	"M7"
"SLC6A14"	"M7"
"MMP28"	"M7"
"CPPED1"	"M3"
"FOLH1"	"M4"
"CYP4F3"	"M3"
"MMP10"	"M1"
"KRT20"	"M4"
"CCK"	"M4"
"ATP8B4"	"M2"
"NEK2"	"M8"
"ANLN"	"M8"
"LEP"	"M6"
"SLC19A3"	"M4"
"KIF20A"	"M8"
"HELLS"	"M8"
"GBA3"	"M4"
"NR1I2"	"M6"
"ERICH5"	"M3"
"NCRNA00185 /// TTTY14"	"M2"
"RERGL"	"M8"
"NR1H4"	"M4"
"TF"	"M3"
"TRIM73 /// TRIM74"	"M1"
"KLRF1"	"M5"
"IL7"	"M2"
"USP9Y"	"Not.Correlated"
"PLEKHS1"	"M5"
"CTB-167B5.2"	"M1"
"CYTL1"	"M3"
"LOC101929272"	"M2"
"CHL1"	"M2"
"TNFSF11"	"M1"
"TREH"	"M4"
"APOBEC3A /// APOBEC3A_B"	"M2"
"TRAT1"	"M2"
"MGAM"	"M4"
"SELE"	"M2"
"ABCC2"	"M1"
"KIF11"	"M8"
"SPRR1B"	"M7"
"MMRN1"	"M2"
"ACE2"	"M4"
"NTS"	"M2"
"CCNA2"	"M8"
"TRIM31"	"M6"
"PLP1"	"Not.Correlated"
"FGG"	"M1"
"PBK"	"M8"
"CYP2C19"	"M4"
"NT5E"	"M8"
"CD28"	"M2"
"LRRC66"	"M6"
"DEFA5"	"M4"
"HS3ST3A1"	"M3"
"CLEC4G"	"M5"
"MEP1A"	"M4"
"GUCA2B"	"M4"
"AQP10"	"M4"
"CDK5R1"	"M3"
"CTH"	"M1"
"COL8A1"	"M1"
"NAT2"	"M4"
"GRIA2"	"M9"
"PPBP"	"M2"
"MME"	"M4"
"TTK"	"M8"
"VIP"	"M4"
"SIGLEC11"	"M1"
"OTC"	"M4"
"HHLA2"	"M4"
"TIMD4"	"M2"
"GIP"	"M4"
"CORIN"	"M7"
"MMP3"	"M7"
"APOB"	"M4"
"TM4SF20"	"M4"
"KLF12"	"M2"
"SLC25A45"	"M1"
"ARC"	"Not.Correlated"
"ODAM"	"M6"
"MEP1B"	"M4"
"TXK"	"M2"
"GPM6A"	"M5"
"ZC3H12D"	"M2"
"PTGDR"	"M2"
"FABP1"	"M4"
"STAP1"	"M2"
"LOC100293211"	"M2"
"CD160"	"M5"
"ESM1"	"M1"
"TNFRSF11B"	"M1"
"TMEM255A"	"M1"
"TRDV3"	"M2"
"C8orf12"	"M1"
"ART3"	"M3"
"GKN1"	"M1"
"DKK2"	"M1"
"HNF4G"	"M4"
"CLEC2D"	"M2"
"ABCG5"	"M4"
"GAP43"	"M1"
"THEMIS"	"M2"
"SLC2A2"	"M4"
"SOSTDC1"	"M4"
"RHBDL2"	"M7"
"GUCY2C"	"M4"
"SPRR1A"	"M7"
"HHIP"	"M2"
"CADPS"	"M9"
