sample,group
GSM388076,N
GSM388077,N
GSM388078,N
GSM388079,N
GSM388080,N
GSM388081,N
GSM388082,N
GSM388083,N
GSM388084,N
GSM388085,N
GSM388086,N
GSM388087,N
GSM388088,N
GSM388089,N
GSM388090,N
GSM388091,N
GSM388092,N
GSM388093,N
GSM388094,N
GSM388095,N
GSM388096,N
GSM388097,N
GSM388098,N
GSM388099,N
GSM388100,N
GSM388101,N
GSM388102,N
GSM388103,N
GSM388104,N
GSM388105,N
GSM388106,N
GSM388107,N
GSM388108,N
GSM388109,N
GSM388110,N
GSM388111,N
GSM388112,N
GSM388113,N
GSM388114,N
GSM388115,T
GSM388116,T
GSM388117,T
GSM388118,T
GSM388119,T
GSM388120,T
GSM388121,T
GSM388122,T
GSM388123,T
GSM388124,T
GSM388125,T
GSM388126,T
GSM388127,T
GSM388128,T
GSM388129,T
GSM388130,T
GSM388131,T
GSM388132,T
GSM388133,T
GSM388134,T
GSM388135,T
GSM388136,T
GSM388137,T
GSM388138,T
GSM388139,T
GSM388140,T
GSM388141,T
GSM388142,T
GSM388143,T
GSM388144,T
GSM388145,T
GSM388146,T
GSM388147,T
GSM388148,T
GSM388149,T
GSM388150,T
GSM388151,T
GSM388152,T
GSM388153,T
