,ID,Group
1,GSM1045191,Normal
2,GSM1045193,Normal
3,GSM1045195,Normal
4,GSM1045196,Normal
5,GSM1045197,Normal
6,GSM1045199,Normal
7,GSM1045200,Normal
8,GSM1045201,Normal
9,GSM1045204,Normal
10,GSM1045205,Normal
11,GSM1045206,Normal
12,GSM1045207,Normal
13,GSM1045208,Tumor
14,GSM1045210,Tumor
15,GSM1045211,Tumor
16,GSM1045212,Tumor
17,GSM1045214,Tumor
18,GSM1045215,Tumor
19,GSM1045216,Tumor
20,GSM1045217,Tumor
21,GSM1045218,Tumor
22,GSM1045219,Tumor
23,GSM1045220,Tumor
24,GSM1045221,Tumor
25,GSM1045222,Tumor
26,GSM1045224,Tumor
27,GSM1045225,Tumor
28,GSM1045230,Tumor
29,GSM1045231,Tumor
30,GSM1045232,Tumor
31,GSM1045233,Tumor
32,GSM1045234,Tumor
33,GSM1045236,Tumor
34,GSM1045237,Tumor
35,GSM1045238,Tumor
36,GSM1045239,Tumor
37,GSM1045240,Tumor
38,GSM1045241,Tumor
39,GSM1045242,Tumor
40,GSM1045243,Tumor
41,GSM1045244,Tumor
42,GSM1045245,Tumor
43,GSM1045247,Tumor
44,GSM1045250,Tumor
45,GSM1045251,Tumor
46,GSM1045252,Tumor
47,GSM1045253,Tumor
48,GSM1045255,Tumor
49,GSM1045256,Tumor
50,GSM1045257,Tumor
51,GSM1045258,Tumor
52,GSM1045259,Tumor
53,GSM1045260,Tumor
54,GSM1045261,Tumor
55,GSM1045262,Tumor
56,GSM1045263,Tumor
57,GSM1045264,Tumor
58,GSM1045266,Tumor
59,GSM1045267,Tumor
60,GSM1045268,Tumor
61,GSM1045270,Tumor
62,GSM1045271,Tumor
63,GSM1045273,Tumor
64,GSM1045275,Tumor
65,GSM1045276,Tumor
66,GSM1045277,Tumor
67,GSM1045278,Tumor
68,GSM1045280,Tumor
69,GSM1045281,Tumor
70,GSM1045284,Tumor
71,GSM1045285,Tumor
72,GSM1045288,Tumor
73,GSM1045290,Tumor
74,GSM1045292,Tumor
75,GSM1045293,Tumor
76,GSM1045294,Tumor
77,GSM1045299,Tumor
78,GSM1045301,Tumor
79,GSM1045302,Tumor
80,GSM1045304,Tumor
81,GSM1045305,Tumor
82,GSM1045307,Tumor
83,GSM1045308,Tumor
84,GSM1045309,Tumor
85,GSM1045311,Tumor
86,GSM1501818,Tumor
87,GSM1501819,Tumor
88,GSM1501820,Normal
89,GSM1501821,Tumor
90,GSM1501822,Tumor
91,GSM1501823,Tumor
92,GSM1501824,Tumor
93,GSM1501825,Tumor
94,GSM1501826,Tumor
95,GSM1501830,Tumor
96,GSM1501831,Tumor
97,GSM1501832,Tumor
98,GSM1501833,Tumor
99,GSM1501835,Tumor
100,GSM1501837,Tumor
101,GSM1501838,Tumor
102,GSM1501839,Tumor
103,GSM1501841,Tumor
104,GSM1501845,Tumor
105,GSM1501846,Tumor
106,GSM1501847,Tumor
107,GSM1501848,Tumor
108,GSM1501849,Normal
109,GSM1501850,Tumor
110,GSM1501851,Tumor
111,GSM1501852,Tumor
112,GSM1501853,Tumor
113,GSM1501855,Tumor
114,GSM1501857,Tumor
115,GSM1501859,Tumor
116,GSM1501860,Tumor
117,GSM1501861,Tumor
118,GSM1501864,Tumor
119,GSM1501866,Tumor
120,GSM1501867,Tumor
121,GSM1501868,Tumor
122,GSM1501869,Tumor
123,GSM1501870,Tumor
124,GSM1501871,Tumor
125,GSM1501872,Tumor
126,GSM1501874,Tumor
127,GSM1501875,Tumor
128,GSM1501876,Tumor
129,GSM1501879,Normal
